category,subcategory,ID,Description,GeneRatio,BgRatio,RichFactor,FoldEnrichment,zScore,pvalue,p.adjust,qvalue,geneID,Count,gene_set
,,mmu04820,Cytoskeleton in muscle cells - Mus musculus (house mouse),57/359,207/5932,0.27536231884058,4.54999798151064,13.1944775377396,0.00000000000000000000000846513932625462,0.00000000000000000000247182068326635,0.00000000000000000000232568564647627,16421/11474/98660/16773/13179/68802/17883/17929/56642/16404/13346/21956/21952/17996/16420/16401/241431/16403/59006/21916/93677/12715/13009/17907/71960/21953/17930/53318/50876/17882/24053/242702/233199/53311/320502/13405/18175/22138/11472/140781/74103/54132/57778/17879/17884/20649/381485/17896/380698/21957/17901/58522/21955/59011/668940/22437/21924,57,Downregulated advanced-passage signature
Human Diseases,Cardiovascular disease,mmu05410,Hypertrophic cardiomyopathy - Mus musculus (house mouse),19/359,79/5932,0.240506329113924,3.97404886992701,6.75365775847409,0.000000138251836569979,0.0000166845549922393,0.0000156981573647241,16421/241113/16773/12295/16404/13346/12292/21956/16420/16401/16403/11937/24053/13405/22138/140781/20649/12391/21924,19,Downregulated advanced-passage signature
Human Diseases,Cardiovascular disease,mmu05414,Dilated cardiomyopathy - Mus musculus (house mouse),19/359,80/5932,0.2375,3.92437325905292,6.68332073443701,0.000000171416660879171,0.0000166845549922393,0.0000156981573647241,16421/16773/12295/16404/13346/12292/21956/16420/16401/16403/11937/11554/24053/13405/22138/140781/20649/12391/21924,19,Downregulated advanced-passage signature
Human Diseases,Cardiovascular disease,mmu05412,Arrhythmogenic right ventricular cardiomyopathy - Mus musculus (house mouse),16/359,66/5932,0.242424242424242,4.00573984975099,6.23187871385989,0.00000122304308717067,0.0000892821453634588,0.0000840037488819854,16421/11474/16773/12295/16404/13346/12292/16420/16401/16403/11937/24053/13405/11472/20649/12391,16,Downregulated advanced-passage signature
Environmental Information Processing,Signaling molecules and interaction,mmu04080,Neuroactive ligand-receptor interaction - Mus musculus (house mouse),22/359,118/5932,0.186440677966102,3.08068552004155,5.79397476754837,0.00000163990975668968,0.0000957707297906772,0.0000901087255781065,11541/11540/14799/14063/11447/11449/14061/14658/381853/12424/11554/19219/11443/11539/13609/15551/320343/16847/14811/54598/385643/13610,22,Downregulated advanced-passage signature
Environmental Information Processing,Signaling molecules and interaction,mmu04514,Cell adhesion molecule (CAM) interaction - Mus musculus (house mouse),15/359,76/5932,0.197368421052632,3.26125201583346,5.03525992210122,0.0000380741982241265,0.00185294431357416,0.00174339749763106,16415/12550/16421/60533/21939/12737/207683/16401/16403/16728/12555/12738/18191/100043314/12519,15,Downregulated advanced-passage signature
Environmental Information Processing,Signal transduction,mmu04024,cAMP signaling pathway - Mus musculus (house mouse),21/359,139/5932,0.151079136690647,2.49638283801928,4.53069700535647,0.0000797226656790476,0.00332557405404027,0.00312896477326788,20682/98660/67972/11540/14799/64082/23984/106952/12322/12292/18160/381853/11937/333329/11554/11539/15551/231991/66922/14811/15245,21,Downregulated advanced-passage signature
Cellular Processes,Cell motility,mmu04814,Motor proteins - Mus musculus (house mouse),22/359,151/5932,0.145695364238411,2.40742312162187,4.4460908759487,0.000094334427608627,0.00344320660771488,0.00323964284287522,286942/17912/17883/17922/21956/21952/13426/17907/71960/21953/17882/216459/140781/17879/17884/17896/21957/17901/22152/21955/668940/21924,22,Downregulated advanced-passage signature
Human Diseases,Cardiovascular disease,mmu05416,Viral myocarditis - Mus musculus (house mouse),11/359,54/5932,0.203703703703704,3.36593417930465,4.43252722882732,0.000309714584699215,0.0100485176369079,0.00945444521713394,16415/21939/14360/16773/13136/24053/13405/140781/20649/12391/12519,11,Downregulated advanced-passage signature
Environmental Information Processing,Signal transduction,mmu04020,Calcium signaling pathway - Mus musculus (house mouse),21/359,158/5932,0.132911392405063,2.19618490180177,3.86772096843519,0.000495114249648058,0.0144573360897233,0.0136026125429624,13867/11541/67972/11540/18574/12322/14675/12292/12373/14176/14254/21802/20190/11937/71785/234779/11554/15464/238564/14811/21924,21,Downregulated advanced-passage signature
Environmental Information Processing,Signaling molecules and interaction,mmu04512,ECM-receptor interaction - Mus musculus (house mouse),12/359,70/5932,0.171428571428571,2.83263032232392,3.91442201956067,0.000875945614189774,0.0232523744857649,0.0218776847180413,16421/12505/16773/16404/16782/16420/16401/16403/13406/114249/64176/329872,12,Downregulated advanced-passage signature
,,mmu04081,Hormone signaling - Mus musculus (house mouse),15/359,107/5932,0.14018691588785,2.31640330096582,3.48738223922582,0.00181267513205351,0.044108428213302,0.0415007201285934,16334/54409/72472/21832/14675/18160/18158/381853/244698/12424/66066/11554/14710/19091/16847,15,Downregulated advanced-passage signature
Environmental Information Processing,Signal transduction,mmu04022,cGMP-PKG signaling pathway - Mus musculus (house mouse),16/359,121/5932,0.132231404958678,2.18494900895509,3.34220876859411,0.00239737052609941,0.0538486302785405,0.0506650775151372,16334/17260/98660/67972/12292/18160/18158/11937/333329/11554/11539/238564/19091/231991/140781/385643,16,Downregulated advanced-passage signature
Environmental Information Processing,Signaling molecules and interaction,mmu04060,Cytokine-cytokine receptor interaction - Mus musculus (house mouse),17/359,134/5932,0.126865671641791,2.09628736540141,3.25764958934813,0.00277800084188009,0.0548919474747718,0.051646713377489,12164/50905/21939/66102/16180/21832/55985/53603/16174/16181/12804/60504/12163/16173/215257/12778/16847,17,Downregulated advanced-passage signature
,,mmu04518,Integrin signaling - Mus musculus (house mouse),16/359,124/5932,0.129032258064516,2.13208733938359,3.23328611351203,0.00308503440559335,0.0548919474747718,0.051646713377489,16415/12444/12550/16421/16773/16404/16782/16420/16401/16403/13406/14254/71785/12445/114249/329872,16,Downregulated advanced-passage signature
Organismal Systems,Circulatory system,mmu04261,Adrenergic signaling in cardiomyocytes - Mus musculus (house mouse),15/359,113/5932,0.132743362831858,2.19340843542781,3.25065449091421,0.00312483675894118,0.0548919474747718,0.051646713377489,98660/67972/12295/64082/72930/12322/12292/21956/11937/20272/11554/231991/140781/17896/21924,15,Downregulated advanced-passage signature
Organismal Systems,Immune system,mmu04610,Complement and coagulation cascades - Mus musculus (house mouse),8/359,42/5932,0.19047619047619,3.14736702480435,3.54437726642031,0.00319576406531206,0.0548919474747718,0.051646713377489,16415/18792/15160/12258/13136/14061/385643/18788,8,Downregulated advanced-passage signature
,,mmu04517,IgSF CAM signaling - Mus musculus (house mouse),23/359,209/5932,0.110047846889952,1.81839506337381,3.05696830469701,0.00362666114790828,0.0588325030660677,0.0553543017312317,16415/72058/12550/17756/14360/16180/19876/68507/16401/243547/71960/16728/71566/234779/74053/216459/58220/238564/13384/260299/22152/100043314/12519,23,Downregulated advanced-passage signature
Organismal Systems,Circulatory system,mmu04260,Cardiac muscle contraction - Mus musculus (house mouse),10/359,66/5932,0.151515151515152,2.50358740609437,3.11742692942757,0.00585531177694991,0.0881293545663465,0.0829191115422366,98660/12295/12292/21956/12373/11937/15464/140781/17896/21924,10,Downregulated advanced-passage signature
Human Diseases,Cancer: overview,mmu05202,Transcriptional misregulation in cancer - Mus musculus (house mouse),16/359,133/5932,0.120300751879699,1.98781075250801,2.92408289376144,0.00618468344980033,0.0881293545663465,0.0829191115422366,12444/16421/14009/17260/12395/18507/21939/18612/67603/18792/18510/20732/18509/14254/17349/21912,16,Downregulated advanced-passage signature
,,mmu04382,Cornified envelope formation - Mus musculus (house mouse),12/359,88/5932,0.136363636363636,2.25322866548493,3.00596013925238,0.00633807002018245,0.0881293545663465,0.0829191115422366,16669/12737/72930/12821/16782/16403/22234/74127/66166/12738/20753/13512,12,Downregulated advanced-passage signature
Organismal Systems,Circulatory system,mmu04270,Vascular smooth muscle contraction - Mus musculus (house mouse),12/359,93/5932,0.129032258064516,2.13208733938359,2.79266495390815,0.00980330320789572,0.130116569850252,0.122424025706258,54409/11541/11540/18755/12292/18160/18158/71960/216459/238564/19091/54598,12,Downregulated advanced-passage signature
Human Diseases,Infectious disease: parasitic,mmu05143,African trypanosomiasis - Mus musculus (house mouse),4/359,18/5932,0.222222222222222,3.67192819560508,2.88129045236785,0.0205134325907431,0.260431405065086,0.245034595248693,14063/16173/385643/15122,4,Downregulated advanced-passage signature
Organismal Systems,Sensory system,mmu04740,Olfactory transduction - Mus musculus (house mouse),6/359,37/5932,0.162162162162162,2.67951516976587,2.60081554905334,0.0222304556829597,0.270470544142676,0.254480216370722,18574/12322/333329/19091/259144/100043474,6,Downregulated advanced-passage signature
Organismal Systems,Endocrine system,mmu04924,Renin secretion - Mus musculus (house mouse),7/359,49/5932,0.142857142857143,2.36052526860326,2.42701182765671,0.0267262744590548,0.297369836583867,0.279789211782225,18574/12292/18160/11554/19219/11539/99709,7,Downregulated advanced-passage signature
Organismal Systems,Development and regeneration,mmu04360,Axon guidance - Mus musculus (house mouse),16/359,157/5932,0.101910828025478,1.68394159288895,2.2042432128031,0.0273098100652524,0.297369836583867,0.279789211782225,20355/14365/20358/14360/19876/12322/20348/231148/13835/140571/16728/319713/234779/20361/58220/244058,16,Downregulated advanced-passage signature
Environmental Information Processing,Signal transduction,mmu04010,MAPK signaling pathway - Mus musculus (house mouse),22/359,237/5932,0.0928270042194093,1.5338434234806,2.12866770100238,0.0286538909327569,0.297369836583867,0.279789211782225,16334/72349/15507/17260/21687/13867/17762/67603/12295/16180/19252/12292/12531/14176/14254/21802/71785/18218/63953/66922/26408/193740,22,Downregulated advanced-passage signature
,,mmu04082,Neuroactive ligand signaling - Mus musculus (house mouse),10/359,84/5932,0.119047619047619,1.96710439050272,2.26556215157195,0.0293474914920268,0.297369836583867,0.279789211782225,11541/11540/14799/14658/66066/11554/14710/11539/15551/14811,10,Downregulated advanced-passage signature
Organismal Systems,Immune system,mmu04672,Intestinal immune network for IgA production - Mus musculus (house mouse),4/359,20/5932,0.2,3.30473537604457,2.62020648930884,0.0295333056881237,0.297369836583867,0.279789211782225,16421/21939/16401/12519,4,Downregulated advanced-passage signature
Cellular Processes,Cell motility,mmu04810,Regulation of actin cytoskeleton - Mus musculus (house mouse),18/359,186/5932,0.0967741935483871,1.59906550453769,2.10675793706923,0.0316874049246451,0.308424074599879,0.290189918783592,16415/16334/16421/76884/105855/18719/16404/16420/16401/16403/14061/14176/17907/71960/71785/238564/66922/385643,18,Downregulated advanced-passage signature
Organismal Systems,Endocrine system,mmu04911,Insulin secretion - Mus musculus (house mouse),7/359,55/5932,0.127272727272727,2.10301342111927,2.0856957731206,0.0464692162004439,0.437710036468697,0.411832442387635,16334/98660/12322/12292/12424/231991/26875,7,Downregulated advanced-passage signature
Organismal Systems,Sensory system,mmu04742,Taste transduction - Mus musculus (house mouse),4/359,24/5932,0.166666666666667,2.75394614670381,2.18508480482703,0.0536296064591669,0.489370158939898,0.460438397560611,18574/110326/15551/20269,4,Downregulated advanced-passage signature
Cellular Processes,Cellular community - eukaryotes,mmu04510,Focal adhesion - Mus musculus (house mouse),16/359,176/5932,0.0909090909090909,1.50215244365662,1.71631969665822,0.0659326434269471,0.583403996383895,0.548912916568842,12444/16421/14360/16773/18719/16404/16782/16420/16401/16403/14254/17907/71785/12445/238564/12391,16,Downregulated advanced-passage signature
Metabolism,Amino acid metabolism,mmu00340,Histidine metabolism - Mus musculus (house mouse),3/359,16/5932,0.1875,3.09818941504178,2.13283503080915,0.0684393742166884,0.587773449155088,0.553024045528039,67689/15186/621603,3,Downregulated advanced-passage signature
Environmental Information Processing,Signal transduction,mmu04371,Apelin signaling pathway - Mus musculus (house mouse),11/359,111/5932,0.0990990990990991,1.6374814926347,1.72066741900853,0.0714274426771744,0.595908950335284,0.56067857259376,12550/17260/241113/20190/66066/18131/14710/238564/16598/66922/17896,11,Downregulated advanced-passage signature
Cellular Processes,Transport and catabolism,mmu04148,Efferocytosis - Mus musculus (house mouse),12/359,128/5932,0.09375,1.54909470752089,1.59387847450761,0.0855695344123048,0.691709801771178,0.650815639013257,11303/171285/12322/11689/108802/243958/11937/18218/19261/19219/13609/233246,12,Downregulated advanced-passage signature
Organismal Systems,Environmental adaptation,mmu04713,Circadian entrainment - Mus musculus (house mouse),7/359,64/5932,0.109375,1.80727715877437,1.64791293945386,0.0902395390133133,0.691709801771178,0.650815639013257,14799/12322/20190/66066/14710/19091/14811,7,Downregulated advanced-passage signature
Metabolism,Glycan biosynthesis and metabolism,mmu00512,Mucin type O-glycan biosynthesis - Mus musculus (house mouse),3/359,18/5932,0.166666666666667,2.75394614670381,1.89137877835846,0.0913200496700319,0.691709801771178,0.650815639013257,20442/241391/207839,3,Downregulated advanced-passage signature
Organismal Systems,Nervous system,mmu04725,Cholinergic synapse - Mus musculus (house mouse),8/359,77/5932,0.103896103896104,1.71674564989328,1.60662175525347,0.0923858981817669,0.691709801771178,0.650815639013257,14360/12322/12292/60613/66066/14710/16515/231991,8,Downregulated advanced-passage signature
Organismal Systems,Immune system,mmu04640,Hematopoietic cell lineage - Mus musculus (house mouse),5/359,41/5932,0.121951219512195,2.01508254636864,1.65525703450587,0.0992699714529121,0.724670791606258,0.681827961821317,12505/21832/13136/16401/16403,5,Downregulated advanced-passage signature
Environmental Information Processing,Membrane transport,mmu02010,ABC transporters - Mus musculus (house mouse),4/359,30/5932,0.133333333333333,2.20315691736305,1.67667914257899,0.104590030990908,0.729413634309384,0.686290405748916,11303/11307/11304/18671,4,Downregulated advanced-passage signature
Human Diseases,Infectious disease: viral,mmu05165,Human papillomavirus infection - Mus musculus (house mouse),22/359,275/5932,0.08,1.32189415041783,1.38724448489638,0.107108066410624,0.729413634309384,0.686290405748916,12444/16421/14365/16773/22422/17858/72930/16404/16782/16420/16401/16403/23962/56198/12445/18131/19219/12571/15213/58220/231991/12695,22,Downregulated advanced-passage signature
Organismal Systems,Endocrine system,mmu04923,Regulation of lipolysis in adipocytes - Mus musculus (house mouse),5/359,42/5932,0.119047619047619,1.96710439050272,1.59627244730808,0.107413651627752,0.729413634309384,0.686290405748916,16334/18160/11554/11539/19091,5,Downregulated advanced-passage signature
Human Diseases,Substance dependence,mmu05032,Morphine addiction - Mus musculus (house mouse),6/359,55/5932,0.109090909090909,1.80258293238795,1.51760966603802,0.113152159606806,0.750918877390623,0.70652425017647,29863/18574/23984/66066/14710/11539,6,Downregulated advanced-passage signature
Metabolism,Glycan biosynthesis and metabolism,mmu00601,Glycosphingolipid biosynthesis - lacto and neolacto series - Mus musculus (house mouse),3/359,20/5932,0.15,2.47855153203343,1.6809349825056,0.116902489426165,0.758567264720892,0.713720461759744,108105/14345/93961,3,Downregulated advanced-passage signature
Metabolism,Xenobiotics biodegradation and metabolism,mmu00982,Drug metabolism - cytochrome P450 - Mus musculus (house mouse),4/359,32/5932,0.125,2.06545961002786,1.53374316035992,0.125160348459654,0.777591952132316,0.731620401970203,67689/14858/14857/621603,4,Downregulated advanced-passage signature
Human Diseases,Infectious disease: parasitic,mmu05144,Malaria - Mus musculus (house mouse),4/359,32/5932,0.125,2.06545961002786,1.53374316035992,0.125160348459654,0.777591952132316,0.731620401970203,16415/21939/16173/15122,4,Downregulated advanced-passage signature
Environmental Information Processing,Signal transduction,mmu04151,PI3K-Akt signaling pathway - Mus musculus (house mouse),21/359,270/5932,0.0777777777777778,1.28517486846178,1.21723621306472,0.139424231481523,0.801891369491756,0.754483227964486,12444/16334/16421/21687/13867/16773/72930/16404/16782/16420/16401/16403/14176/14254/21802/71785/66066/12445/14710/12571/231991,21,Downregulated advanced-passage signature
Metabolism,Amino acid metabolism,mmu00360,Phenylalanine metabolism - Mus musculus (house mouse),2/359,11/5932,0.181818181818182,3.00430488731324,1.68860963228689,0.14005636932904,0.801891369491756,0.754483227964486,67689/621603,2,Downregulated advanced-passage signature
Metabolism,Glycan biosynthesis and metabolism,mmu00603,Glycosphingolipid biosynthesis - globo and isoglobo series - Mus musculus (house mouse),2/359,11/5932,0.181818181818182,3.00430488731324,1.68860963228689,0.14005636932904,0.801891369491756,0.754483227964486,20442/93961,2,Downregulated advanced-passage signature
,,mmu03273,Virion - Lassa virus and SFTS virus - Mus musculus (house mouse),2/359,11/5932,0.181818181818182,3.00430488731324,1.68860963228689,0.14005636932904,0.801891369491756,0.754483227964486,71960/75599,2,Downregulated advanced-passage signature
Organismal Systems,Endocrine system,mmu04921,Oxytocin signaling pathway - Mus musculus (house mouse),10/359,113/5932,0.0884955752212389,1.46227229028521,1.25915608758214,0.144860922543165,0.811453629777893,0.763480163561753,17260/241113/12295/12322/12292/18160/20190/216459/16515/238564,10,Downregulated advanced-passage signature
Organismal Systems,Environmental adaptation,mmu04710,Circadian rhythm - Mus musculus (house mouse),4/359,34/5932,0.117647058823529,1.94396198590857,1.40090357785717,0.147284391706261,0.811453629777893,0.763480163561753,241113/18143/213311/225998,4,Downregulated advanced-passage signature
,,mmu04519,Cadherin signaling - Mus musculus (house mouse),20/359,259/5932,0.0772200772200772,1.27595960465041,1.15253910353348,0.153860692514621,0.831987448412395,0.782800014548072,12550/14365/17912/76884/16669/22422/105855/107934/13346/12552/12555/74127/233424/12563/140577/320865/209760/75599/66922/13512,20,Downregulated advanced-passage signature
Environmental Information Processing,Signal transduction,mmu04390,Hippo signaling pathway - Mus musculus (house mouse),11/359,130/5932,0.0846153846153846,1.39815727448039,1.16494154468559,0.162362402172925,0.861996753354441,0.811035157265714,16415/12444/12550/12164/14365/22422/72930/12163/12445/58220/12695,11,Downregulated advanced-passage signature
Organismal Systems,Immune system,mmu04670,Leukocyte transendothelial migration - Mus musculus (house mouse),7/359,75/5932,0.0933333333333333,1.54220984215413,1.19929792164111,0.166671550176202,0.865941604852348,0.814746787550335,16415/17969/12737/16401/17907/234779/12738,7,Downregulated advanced-passage signature
Environmental Information Processing,Signal transduction,mmu04350,TGF-beta signaling pathway - Mus musculus (house mouse),8/359,89/5932,0.0898876404494382,1.48527432631217,1.17066070351301,0.169036546152684,0.865941604852348,0.814746787550335,12164/13179/15904/207596/12163/69585/244058/23892,8,Downregulated advanced-passage signature
Organismal Systems,Sensory system,mmu04750,Inflammatory mediator regulation of TRP channels - Mus musculus (house mouse),7/359,76/5932,0.0921052631578947,1.52191760738895,1.1621839550493,0.174742105702015,0.879736118361871,0.827725763851652,18755/14063/16180/12322/234779/19219/385643,7,Downregulated advanced-passage signature
Metabolism,Xenobiotics biodegradation and metabolism,mmu00980,Metabolism of xenobiotics by cytochrome P450 - Mus musculus (house mouse),4/359,37/5932,0.108108108108108,1.78634344651058,1.21769323635582,0.183007297869251,0.890635516297022,0.837980784980255,67689/14858/14857/621603,4,Downregulated advanced-passage signature
Environmental Information Processing,Signaling molecules and interaction,mmu04061,Viral protein interaction with cytokine and cytokine receptor - Mus musculus (house mouse),4/359,37/5932,0.108108108108108,1.78634344651058,1.21769323635582,0.183007297869251,0.890635516297022,0.837980784980255,55985/16174/16173/12778,4,Downregulated advanced-passage signature
Human Diseases,Immune disease,mmu05323,Rheumatoid arthritis - Mus musculus (house mouse),5/359,52/5932,0.0961538461538462,1.58881508463681,1.08232727029533,0.204480410038322,0.950129109565068,0.89395709299381,16415/21687/14254/16173/12519,5,Downregulated advanced-passage signature
Human Diseases,Substance dependence,mmu05033,Nicotine addiction - Mus musculus (house mouse),2/359,14/5932,0.142857142857143,2.36052526860326,1.29345050408044,0.206297288498221,0.950129109565068,0.89395709299381,14799/14811,2,Downregulated advanced-passage signature
Organismal Systems,Endocrine system,mmu04925,Aldosterone synthesis and secretion - Mus musculus (house mouse),6/359,66/5932,0.0909090909090909,1.50215244365662,1.04112573980602,0.207999075939806,0.950129109565068,0.89395709299381,98660/67972/12322/12292/18160/231991,6,Downregulated advanced-passage signature
Metabolism,Amino acid metabolism,mmu00330,Arginine and proline metabolism - Mus musculus (house mouse),4/359,39/5932,0.102564102564103,1.69473609027927,1.10471590821435,0.208247476069056,0.950129109565068,0.89395709299381,12709/67092/12715/75986,4,Downregulated advanced-passage signature
Environmental Information Processing,Signal transduction,mmu04015,Rap1 signaling pathway - Mus musculus (house mouse),13/359,168/5932,0.0773809523809524,1.27861785382677,0.929754442444765,0.216133731747382,0.970939225695933,0.913536906656952,16415/16334/12550/21687/11541/11540/23880/106952/14176/14254/71785/58220/14811,13,Downregulated advanced-passage signature
Human Diseases,Infectious disease: parasitic,mmu05145,Toxoplasmosis - Mus musculus (house mouse),7/359,83/5932,0.0843373493975904,1.39356311038024,0.916387769930471,0.235503927906287,0.99999922275763,0.940878864959414,21939/16773/11689/16782/16403/54396/193740,7,Downregulated advanced-passage signature
Cellular Processes,Cellular community - eukaryotes,mmu04530,Tight junction - Mus musculus (house mouse),10/359,129/5932,0.0775193798449612,1.2809051845134,0.818643823401157,0.253417202014705,0.99999922275763,0.940878864959414,72058/241113/12737/72930/71960/216459/58220/12738/12695/26408,10,Downregulated advanced-passage signature
Organismal Systems,Nervous system,mmu04726,Serotonergic synapse - Mus musculus (house mouse),6/359,71/5932,0.0845070422535211,1.39636706030052,0.852722130234143,0.258268073434469,0.99999922275763,0.940878864959414,19252/11689/12292/66066/14710/15551,6,Downregulated advanced-passage signature
Human Diseases,Immune disease,mmu05322,Systemic lupus erythematosus - Mus musculus (house mouse),4/359,43/5932,0.0930232558139535,1.53708622141608,0.897065441776099,0.261305701621876,0.99999922275763,0.940878864959414,21939/404634/14811/12519,4,Downregulated advanced-passage signature
Metabolism,Amino acid metabolism,mmu00260,"Glycine, serine and threonine metabolism - Mus musculus (house mouse)",3/359,30/5932,0.1,1.65236768802228,0.909117738521377,0.271716612893236,0.99999922275763,0.940878864959414,218865/104174/67092,3,Downregulated advanced-passage signature
Organismal Systems,Digestive system,mmu04972,Pancreatic secretion - Mus musculus (house mouse),5/359,58/5932,0.0862068965517242,1.42445490346749,0.824413786057278,0.272933456449529,0.99999922275763,0.940878864959414,98660/67972/11937/12424/99709,5,Downregulated advanced-passage signature
Human Diseases,Cancer: specific types,mmu05218,Melanoma - Mus musculus (house mouse),5/359,58/5932,0.0862068965517242,1.42445490346749,0.824413786057278,0.272933456449529,0.99999922275763,0.940878864959414,12550/242705/14176/71785/12571,5,Downregulated advanced-passage signature
Human Diseases,Immune disease,mmu05320,Autoimmune thyroid disease - Mus musculus (house mouse),2/359,17/5932,0.117647058823529,1.94396198590857,0.989163895574448,0.275047023398644,0.99999922275763,0.940878864959414,21939/12519,2,Downregulated advanced-passage signature
Human Diseases,Immune disease,mmu05330,Allograft rejection - Mus musculus (house mouse),2/359,17/5932,0.117647058823529,1.94396198590857,0.989163895574448,0.275047023398644,0.99999922275763,0.940878864959414,21939/12519,2,Downregulated advanced-passage signature
Human Diseases,Immune disease,mmu05340,Primary immunodeficiency - Mus musculus (house mouse),2/359,17/5932,0.117647058823529,1.94396198590857,0.989163895574448,0.275047023398644,0.99999922275763,0.940878864959414,21939/17060,2,Downregulated advanced-passage signature
Human Diseases,Cancer: specific types,mmu05215,Prostate cancer - Mus musculus (house mouse),7/359,90/5932,0.0777777777777778,1.28517486846178,0.691860271706205,0.302059692634401,0.99999922275763,0.940878864959414,16334/242705/18792/20732/21802/71785/231991,7,Downregulated advanced-passage signature
Human Diseases,Substance dependence,mmu05034,Alcoholism - Mus musculus (house mouse),8/359,105/5932,0.0761904761904762,1.25894680992174,0.679437276759323,0.302152863926059,0.99999922275763,0.940878864959414,79221/11541/404634/11540/66066/14710/231991/14811,8,Downregulated advanced-passage signature
Human Diseases,Cancer: overview,mmu05206,MicroRNAs in cancer - Mus musculus (house mouse),11/359,152/5932,0.0723684210526316,1.1957924058056,0.620612305274417,0.31332729689061,0.99999922275763,0.940878864959414,12444/12505/14365/13867/242705/18792/12531/234779/18131/12571/18671,11,Downregulated advanced-passage signature
Human Diseases,Infectious disease: parasitic,mmu05146,Amoebiasis - Mus musculus (house mouse),6/359,77/5932,0.0779220779220779,1.28755923741996,0.644578626785942,0.322214362805484,0.99999922275763,0.940878864959414,16415/15507/16773/20706/14675/16782,6,Downregulated advanced-passage signature
Organismal Systems,Digestive system,mmu04978,Mineral absorption - Mus musculus (house mouse),3/359,33/5932,0.0909090909090909,1.50215244365662,0.734125005493485,0.322385198602187,0.99999922275763,0.940878864959414,98660/67972/244698,3,Downregulated advanced-passage signature
Human Diseases,Cancer: overview,mmu05200,Pathways in cancer - Mus musculus (house mouse),28/359,422/5932,0.0663507109004739,1.09635770769251,0.521234976582035,0.330972301590879,0.99999922275763,0.940878864959414,12444/12550/12395/14365/242705/16773/22422/58801/12322/16782/18510/16403/14061/14176/21802/56198/66066/12445/234779/18131/14710/19219/12571/15213/14858/385643/15245/14857,28,Downregulated advanced-passage signature
Metabolism,Amino acid metabolism,mmu00350,Tyrosine metabolism - Mus musculus (house mouse),2/359,20/5932,0.1,1.65236768802228,0.741663475702357,0.343523957609432,0.99999922275763,0.940878864959414,67689/621603,2,Downregulated advanced-passage signature
Human Diseases,Infectious disease: bacterial,mmu05150,Staphylococcus aureus infection - Mus musculus (house mouse),2/359,20/5932,0.1,1.65236768802228,0.741663475702357,0.343523957609432,0.99999922275763,0.940878864959414,16415/16669,2,Downregulated advanced-passage signature
Organismal Systems,Digestive system,mmu04970,Salivary secretion - Mus musculus (house mouse),4/359,49/5932,0.0816326530612245,1.34887158205901,0.622344527904116,0.344614599903195,0.99999922275763,0.940878864959414,98660/67972/11554/19091,4,Downregulated advanced-passage signature
Human Diseases,Substance dependence,mmu05031,Amphetamine addiction - Mus musculus (house mouse),4/359,49/5932,0.0816326530612245,1.34887158205901,0.622344527904116,0.344614599903195,0.99999922275763,0.940878864959414,14799/12322/231991/14811,4,Downregulated advanced-passage signature
Metabolism,Nucleotide metabolism,mmu00230,Purine metabolism - Mus musculus (house mouse),7/359,95/5932,0.0736842105263158,1.21753408591116,0.542451529381071,0.351762527313167,0.99999922275763,0.940878864959414,29863/18574/23984/18160/11639/215446/14544,7,Downregulated advanced-passage signature
Environmental Information Processing,Signal transduction,mmu04014,Ras signaling pathway - Mus musculus (house mouse),12/359,173/5932,0.069364161849711,1.1461509974721,0.495128540381647,0.354621081923578,0.99999922275763,0.940878864959414,16334/85031/21687/14176/14254/21802/71785/66066/234779/14710/66922/14811,12,Downregulated advanced-passage signature
Metabolism,Carbohydrate metabolism,mmu00500,Starch and sucrose metabolism - Mus musculus (house mouse),2/359,21/5932,0.0952380952380952,1.57368351240218,0.668371927952227,0.365938355724915,0.99999922275763,0.940878864959414,19309/232714,2,Downregulated advanced-passage signature
Human Diseases,Infectious disease: viral,mmu05160,Hepatitis C - Mus musculus (house mouse),8/359,113/5932,0.0707964601769912,1.16981783222817,0.462556726249313,0.376119745053662,0.99999922275763,0.940878864959414,242705/58185/12737/17858/72930/12571/12738/24014,8,Downregulated advanced-passage signature
Organismal Systems,Digestive system,mmu04971,Gastric acid secretion - Mus musculus (house mouse),4/359,52/5932,0.0769230769230769,1.27105206770945,0.498232895532605,0.386721476360308,0.99999922275763,0.940878864959414,98660/12322/208890/238564,4,Downregulated advanced-passage signature
Human Diseases,Infectious disease: bacterial,mmu05134,Legionellosis - Mus musculus (house mouse),4/359,52/5932,0.0769230769230769,1.27105206770945,0.498232895532605,0.386721476360308,0.99999922275763,0.940878864959414,16415/17940/16173/193740,4,Downregulated advanced-passage signature
Metabolism,Metabolism of cofactors and vitamins,mmu00830,Retinol metabolism - Mus musculus (house mouse),2/359,22/5932,0.0909090909090909,1.50215244365662,0.598852470069466,0.388052049768236,0.99999922275763,0.940878864959414,68460/232174,2,Downregulated advanced-passage signature
Human Diseases,Immune disease,mmu05321,Inflammatory bowel disease - Mus musculus (house mouse),3/359,37/5932,0.0810810810810811,1.33975758488293,0.526132080007069,0.38988127797296,0.99999922275763,0.940878864959414,16174/60504/16173,3,Downregulated advanced-passage signature
Organismal Systems,Nervous system,mmu04728,Dopaminergic synapse - Mus musculus (house mouse),7/359,99/5932,0.0707070707070707,1.16834078951071,0.428674483769983,0.392120025635356,0.99999922275763,0.940878864959414,14799/72930/12322/66066/14710/231991/14811,7,Downregulated advanced-passage signature
Human Diseases,Cardiovascular disease,mmu05418,Fluid shear stress and atherosclerosis - Mus musculus (house mouse),8/359,115/5932,0.0695652173913044,1.14947317427637,0.410798936441102,0.394887365783376,0.99999922275763,0.940878864959414,17260/17969/19252/16598/14858/12391/26408/14857,8,Downregulated advanced-passage signature
Human Diseases,Cancer: specific types,mmu05224,Breast cancer - Mus musculus (house mouse),8/359,116/5932,0.0689655172413793,1.13956392277399,0.38526240224571,0.404281829976518,0.99999922275763,0.940878864959414,14365/242705/22422/14176/56198/18131/12571/15213,8,Downregulated advanced-passage signature
Human Diseases,Cancer: specific types,mmu05214,Glioma - Mus musculus (house mouse),5/359,69/5932,0.072463768115942,1.19736788987122,0.418511851560906,0.406628641461865,0.99999922275763,0.940878864959414,242705/12322/21802/234779/12571,5,Downregulated advanced-passage signature
Human Diseases,Endocrine and metabolic disease,mmu04940,Type I diabetes mellitus - Mus musculus (house mouse),2/359,23/5932,0.0869565217391304,1.43684146784546,0.532718090914123,0.409819365427702,0.99999922275763,0.940878864959414,16334/12519,2,Downregulated advanced-passage signature
Human Diseases,Cancer: overview,mmu05207,Chemical carcinogenesis - receptor activation - Mus musculus (house mouse),9/359,135/5932,0.0666666666666667,1.10157845868152,0.302993643500076,0.432065412951594,0.99999922275763,0.940878864959414,16600/74229/12292/14176/12445/11554/231991/14858/14857,9,Downregulated advanced-passage signature
Human Diseases,Cancer: overview,mmu05205,Proteoglycans in cancer - Mus musculus (house mouse),11/359,168/5932,0.0654761904761905,1.0819074147765,0.273327002242153,0.43868642809427,0.99999922275763,0.940878864959414,12505/14365/13867/13179/18792/22422/12322/11733/234779/66922/12391,11,Downregulated advanced-passage signature
Environmental Information Processing,Signal transduction,mmu04071,Sphingolipid signaling pathway - Mus musculus (house mouse),7/359,105/5932,0.0666666666666667,1.10157845868152,0.266526517028117,0.452615448560897,0.99999922275763,0.940878864959414,14360/72930/11539/13609/385643/13610/26408,7,Downregulated advanced-passage signature
Environmental Information Processing,Signal transduction,mmu04630,JAK-STAT signaling pathway - Mus musculus (house mouse),7/359,105/5932,0.0666666666666667,1.10157845868152,0.266526517028117,0.452615448560897,0.99999922275763,0.940878864959414,12444/21832/53603/12804/60504/12445/16847,7,Downregulated advanced-passage signature
Metabolism,Metabolism of cofactors and vitamins,mmu00730,Thiamine metabolism - Mus musculus (house mouse),1/359,10/5932,0.1,1.65236768802228,0.523992300338435,0.464614573083113,0.99999922275763,0.940878864959414,11639,1,Downregulated advanced-passage signature
Metabolism,Metabolism of other amino acids,mmu00410,beta-Alanine metabolism - Mus musculus (house mouse),2/359,26/5932,0.0769230769230769,1.27105206770945,0.351527529567044,0.472681552675166,0.99999922275763,0.940878864959414,67689/621603,2,Downregulated advanced-passage signature
Metabolism,Metabolism of cofactors and vitamins,mmu00860,Porphyrin metabolism - Mus musculus (house mouse),2/359,26/5932,0.0769230769230769,1.27105206770945,0.351527529567044,0.472681552675166,0.99999922275763,0.940878864959414,12870/244698,2,Downregulated advanced-passage signature
,,mmu03272,Virion - Hepatitis viruses - Mus musculus (house mouse),2/359,27/5932,0.0740740740740741,1.22397606520169,0.296033054717738,0.492729459951703,0.99999922275763,0.940878864959414,12737/12738,2,Downregulated advanced-passage signature
Metabolism,Glycan biosynthesis and metabolism,mmu00533,Glycosaminoglycan biosynthesis - keratan sulfate - Mus musculus (house mouse),1/359,11/5932,0.0909090909090909,1.50215244365662,0.423059115707506,0.497070393458521,0.99999922275763,0.940878864959414,20442,1,Downregulated advanced-passage signature
Metabolism,Glycan biosynthesis and metabolism,mmu00604,Glycosphingolipid biosynthesis - ganglio series - Mus musculus (house mouse),1/359,11/5932,0.0909090909090909,1.50215244365662,0.423059115707506,0.497070393458521,0.99999922275763,0.940878864959414,20442,1,Downregulated advanced-passage signature
Human Diseases,Infectious disease: viral,mmu05164,Influenza A - Mus musculus (house mouse),7/359,110/5932,0.0636363636363636,1.05150671055964,0.138385542833543,0.502137588393904,0.99999922275763,0.940878864959414,58185/17858/170722/12445/16173/12571/24014,7,Downregulated advanced-passage signature
Environmental Information Processing,Signal transduction,mmu04012,ErbB signaling pathway - Mus musculus (house mouse),5/359,77/5932,0.0649350649350649,1.0729660311833,0.163557062552176,0.50255333954881,0.99999922275763,0.940878864959414,13867/12322/21802/234779/12223,5,Downregulated advanced-passage signature
Human Diseases,Infectious disease: viral,mmu05169,Epstein-Barr virus infection - Mus musculus (house mouse),10/359,160/5932,0.0625,1.03272980501393,0.106514053600389,0.505718901341093,0.99999922275763,0.940878864959414,12444/12505/21939/242705/108802/12445/234779/12571/215446/17060,10,Downregulated advanced-passage signature
Organismal Systems,Endocrine system,mmu04913,Ovarian steroidogenesis - Mus musculus (house mouse),2/359,28/5932,0.0714285714285714,1.18026263430163,0.242648839989342,0.512289782484082,0.99999922275763,0.940878864959414,16334/11689,2,Downregulated advanced-passage signature
Organismal Systems,Digestive system,mmu04973,Carbohydrate digestion and absorption - Mus musculus (house mouse),2/359,28/5932,0.0714285714285714,1.18026263430163,0.242648839989342,0.512289782484082,0.99999922275763,0.940878864959414,98660/232714,2,Downregulated advanced-passage signature
Organismal Systems,Nervous system,mmu04724,Glutamatergic synapse - Mus musculus (house mouse),5/359,78/5932,0.0641025641025641,1.05921005642454,0.133592809106004,0.514158509127148,0.99999922275763,0.940878864959414,224997/14799/66066/14710/14811,5,Downregulated advanced-passage signature
Organismal Systems,Development and regeneration,mmu04380,Osteoclast differentiation - Mus musculus (house mouse),6/359,95/5932,0.0631578947368421,1.04360064506671,0.108724278769329,0.51812820801652,0.99999922275763,0.940878864959414,17969/14360/11937/234779/19261/17060,6,Downregulated advanced-passage signature
Organismal Systems,Nervous system,mmu04730,Long-term depression - Mus musculus (house mouse),3/359,45/5932,0.0666666666666667,1.10157845868152,0.173591126894899,0.51821868472707,0.99999922275763,0.940878864959414,14799/20190/19091,3,Downregulated advanced-passage signature
Organismal Systems,Excretory system,mmu04960,Aldosterone-regulated sodium reabsorption - Mus musculus (house mouse),2/359,29/5932,0.0689655172413793,1.13956392277399,0.191206406686268,0.531347991949347,0.99999922275763,0.940878864959414,16334/98660,2,Downregulated advanced-passage signature
Organismal Systems,Endocrine system,mmu04922,Glucagon signaling pathway - Mus musculus (house mouse),5/359,80/5932,0.0625,1.03272980501393,0.0748002272987903,0.537024801719388,0.99999922275763,0.940878864959414,241113/17691/12322/19309/231991,5,Downregulated advanced-passage signature
Organismal Systems,Immune system,mmu04613,Neutrophil extracellular trap formation - Mus musculus (house mouse),6/359,97/5932,0.0618556701030928,1.02208310599317,0.055653471390802,0.538876432438219,0.99999922275763,0.940878864959414,16415/12728/79221/17969/404634/234779,6,Downregulated advanced-passage signature
Environmental Information Processing,Signal transduction,mmu04072,Phospholipase D signaling pathway - Mus musculus (house mouse),7/359,114/5932,0.0614035087719298,1.0146117382593,0.039979201528459,0.540686293818015,0.99999922275763,0.940878864959414,16334/14360/18719/14061/71785/234779/66922,7,Downregulated advanced-passage signature
Organismal Systems,Immune system,mmu04664,Fc epsilon RI signaling pathway - Mus musculus (house mouse),3/359,47/5932,0.0638297872340426,1.05470277958869,0.0955546342861331,0.54803334700247,0.99999922275763,0.940878864959414,14360/11689/234779,3,Downregulated advanced-passage signature
Human Diseases,Infectious disease: parasitic,mmu05140,Leishmaniasis - Mus musculus (house mouse),3/359,47/5932,0.0638297872340426,1.05470277958869,0.0955546342861331,0.54803334700247,0.99999922275763,0.940878864959414,16415/17969/16401,3,Downregulated advanced-passage signature
Cellular Processes,Cellular community - eukaryotes,mmu04520,Adherens junction - Mus musculus (house mouse),5/359,81/5932,0.0617283950617284,1.01998005433474,0.0459505580520075,0.54827272075263,0.99999922275763,0.940878864959414,12550/14360/17907/214137/77446,5,Downregulated advanced-passage signature
Metabolism,Metabolism of cofactors and vitamins,mmu00760,Nicotinate and nicotinamide metabolism - Mus musculus (house mouse),2/359,30/5932,0.0666666666666667,1.10157845868152,0.141556334463761,0.549893090453355,0.99999922275763,0.940878864959414,69564/67993,2,Downregulated advanced-passage signature
Human Diseases,Endocrine and metabolic disease,mmu04934,Cushing syndrome - Mus musculus (house mouse),7/359,115/5932,0.0608695652173913,1.00578902749183,0.0159100544173431,0.550136224338779,0.99999922275763,0.940878864959414,14365/242705/22422/12322/12292/12571/231991,7,Downregulated advanced-passage signature
Metabolism,Metabolism of cofactors and vitamins,mmu00670,One carbon pool by folate - Mus musculus (house mouse),2/359,31/5932,0.0645161290322581,1.0660436696918,0.0935655341065221,0.567917238527893,0.99999922275763,0.940878864959414,218865/104174,2,Downregulated advanced-passage signature
Human Diseases,Substance dependence,mmu05030,Cocaine addiction - Mus musculus (house mouse),2/359,31/5932,0.0645161290322581,1.0660436696918,0.0935655341065221,0.567917238527893,0.99999922275763,0.940878864959414,231991/14811,2,Downregulated advanced-passage signature
Human Diseases,Cancer: overview,mmu05204,Chemical carcinogenesis - DNA adducts - Mus musculus (house mouse),2/359,31/5932,0.0645161290322581,1.0660436696918,0.0935655341065221,0.567917238527893,0.99999922275763,0.940878864959414,14858/14857,2,Downregulated advanced-passage signature
Human Diseases,Cancer: specific types,mmu05222,Small cell lung cancer - Mus musculus (house mouse),5/359,83/5932,0.0602409638554217,0.995402221700171,-0.0107056471800522,0.570368306802172,0.99999922275763,0.940878864959414,242705/16773/16782/16403/12571,5,Downregulated advanced-passage signature
Metabolism,Carbohydrate metabolism,mmu00562,Inositol phosphate metabolism - Mus musculus (house mouse),4/359,66/5932,0.0606060606060606,1.00143496243775,0.00297514499524334,0.572552354264589,0.99999922275763,0.940878864959414,18719/234779/170835/234515,4,Downregulated advanced-passage signature
Human Diseases,Drug resistance: antineoplastic,mmu01524,Platinum drug resistance - Mus musculus (house mouse),4/359,66/5932,0.0606060606060606,1.00143496243775,0.00297514499524334,0.572552354264589,0.99999922275763,0.940878864959414,58801/14858/26408/14857,4,Downregulated advanced-passage signature
Organismal Systems,Immune system,mmu04650,Natural killer cell mediated cytotoxicity - Mus musculus (house mouse),4/359,66/5932,0.0606060606060606,1.00143496243775,0.00297514499524334,0.572552354264589,0.99999922275763,0.940878864959414,16415/14360/234779/77777,4,Downregulated advanced-passage signature
Environmental Information Processing,Signal transduction,mmu04340,Hedgehog signaling pathway - Mus musculus (house mouse),3/359,49/5932,0.0612244897959184,1.01165368654426,0.020788761319919,0.576742057766818,0.99999922275763,0.940878864959414,12444/74770/15245,3,Downregulated advanced-passage signature
Organismal Systems,Endocrine system,mmu04918,Thyroid hormone synthesis - Mus musculus (house mouse),3/359,49/5932,0.0612244897959184,1.01165368654426,0.020788761319919,0.576742057766818,0.99999922275763,0.940878864959414,98660/18510/231991,3,Downregulated advanced-passage signature
Cellular Processes,Cellular community - eukaryotes,mmu04540,Gap junction - Mus musculus (house mouse),4/359,67/5932,0.0597014925373134,0.986488171953602,-0.0282282638151661,0.584642432095075,0.99999922275763,0.940878864959414,71785/11554/19091/22152,4,Downregulated advanced-passage signature
Human Diseases,Cancer: specific types,mmu05223,Non-small cell lung cancer - Mus musculus (house mouse),4/359,67/5932,0.0597014925373134,0.986488171953602,-0.0282282638151661,0.584642432095075,0.99999922275763,0.940878864959414,242705/21802/234779/12571,4,Downregulated advanced-passage signature
Cellular Processes,Cell growth and death,mmu04115,p53 signaling pathway - Mus musculus (house mouse),4/359,68/5932,0.0588235294117647,0.971980992954285,-0.0589762128233261,0.596533134441305,0.99999922275763,0.940878864959414,12444/58801/12445/12571,4,Downregulated advanced-passage signature
Metabolism,Glycan biosynthesis and metabolism,mmu00514,Other types of O-glycan biosynthesis - Mus musculus (house mouse),2/359,33/5932,0.0606060606060606,1.00143496243775,0.00209785259596394,0.602385106403506,0.99999922275763,0.940878864959414,241391/207839,2,Downregulated advanced-passage signature
Organismal Systems,Nervous system,mmu04720,Long-term potentiation - Mus musculus (house mouse),3/359,51/5932,0.0588235294117647,0.971980992954285,-0.0510010248923696,0.604284547109868,0.99999922275763,0.940878864959414,14799/12322/14811,3,Downregulated advanced-passage signature
Human Diseases,Cancer: specific types,mmu05217,Basal cell carcinoma - Mus musculus (house mouse),3/359,51/5932,0.0588235294117647,0.971980992954285,-0.0510010248923696,0.604284547109868,0.99999922275763,0.940878864959414,14365/22422/15245,3,Downregulated advanced-passage signature
Organismal Systems,Excretory system,mmu04964,Proximal tubule bicarbonate reclamation - Mus musculus (house mouse),1/359,15/5932,0.0666666666666667,1.10157845868152,0.099968489107428,0.608418217381909,0.99999922275763,0.940878864959414,98660,1,Downregulated advanced-passage signature
Human Diseases,Endocrine and metabolic disease,mmu04931,Insulin resistance - Mus musculus (house mouse),5/359,87/5932,0.0574712643678161,0.949636602311658,-0.120101672351847,0.612817713353598,0.99999922275763,0.940878864959414,16334/241113/26568/19309/231991,5,Downregulated advanced-passage signature
Metabolism,Lipid metabolism,mmu00590,Arachidonic acid metabolism - Mus musculus (house mouse),2/359,34/5932,0.0588235294117647,0.971980992954285,-0.0415821058520352,0.618826023180024,0.99999922275763,0.940878864959414,19215/11689,2,Downregulated advanced-passage signature
Metabolism,Lipid metabolism,mmu00061,Fatty acid biosynthesis - Mus musculus (house mouse),1/359,16/5932,0.0625,1.03272980501393,0.0332702444235082,0.632176517189226,0.99999922275763,0.940878864959414,216739,1,Downregulated advanced-passage signature
Metabolism,Metabolism of cofactors and vitamins,mmu00785,Lipoic acid metabolism - Mus musculus (house mouse),1/359,16/5932,0.0625,1.03272980501393,0.0332702444235082,0.632176517189226,0.99999922275763,0.940878864959414,104174,1,Downregulated advanced-passage signature
Organismal Systems,Digestive system,mmu04976,Bile secretion - Mus musculus (house mouse),2/359,35/5932,0.0571428571428571,0.944210107441305,-0.0840118693092838,0.634739841296054,0.99999922275763,0.940878864959414,98660/18671,2,Downregulated advanced-passage signature
Human Diseases,Cancer: specific types,mmu05216,Thyroid cancer - Mus musculus (house mouse),2/359,35/5932,0.0571428571428571,0.944210107441305,-0.0840118693092838,0.634739841296054,0.99999922275763,0.940878864959414,12550/18510,2,Downregulated advanced-passage signature
Human Diseases,Cancer: specific types,mmu05219,Bladder cancer - Mus musculus (house mouse),2/359,35/5932,0.0571428571428571,0.944210107441305,-0.0840118693092838,0.634739841296054,0.99999922275763,0.940878864959414,12550/242705,2,Downregulated advanced-passage signature
Organismal Systems,Endocrine system,mmu04919,Thyroid hormone signaling pathway - Mus musculus (house mouse),6/359,107/5932,0.0560747663551402,0.926561320386327,-0.194551887532502,0.636092082030159,0.99999922275763,0.940878864959414,98660/72472/11937/234779/18131/140781,6,Downregulated advanced-passage signature
Organismal Systems,Nervous system,mmu04727,GABAergic synapse - Mus musculus (house mouse),3/359,54/5932,0.0555555555555556,0.917982048901269,-0.153658882262143,0.643324674343023,0.99999922275763,0.940878864959414,12292/66066/14710,3,Downregulated advanced-passage signature
Cellular Processes,Cell growth and death,mmu04216,Ferroptosis - Mus musculus (house mouse),2/359,36/5932,0.0555555555555556,0.917982048901269,-0.125270293127128,0.650129966547669,0.99999922275763,0.940878864959414,12870/216739,2,Downregulated advanced-passage signature
Organismal Systems,Digestive system,mmu04979,Cholesterol metabolism - Mus musculus (house mouse),2/359,36/5932,0.0555555555555556,0.917982048901269,-0.125270293127128,0.650129966547669,0.99999922275763,0.940878864959414,11303/16956,2,Downregulated advanced-passage signature
,,mmu04981,Folate transport and metabolism - Mus musculus (house mouse),1/359,17/5932,0.0588235294117647,0.971980992954285,-0.0293607058051085,0.654497110551138,0.99999922275763,0.940878864959414,101488,1,Downregulated advanced-passage signature
Human Diseases,Immune disease,mmu05332,Graft-versus-host disease - Mus musculus (house mouse),1/359,17/5932,0.0588235294117647,0.971980992954285,-0.0293607058051085,0.654497110551138,0.99999922275763,0.940878864959414,12519,1,Downregulated advanced-passage signature
Environmental Information Processing,Signal transduction,mmu04330,Notch signaling pathway - Mus musculus (house mouse),3/359,55/5932,0.0545454545454545,0.901291466193973,-0.1866486552097,0.655719903239031,0.99999922275763,0.940878864959414,56198/18131/15213,3,Downregulated advanced-passage signature
Organismal Systems,Endocrine system,mmu04920,Adipocytokine signaling pathway - Mus musculus (house mouse),3/359,55/5932,0.0545454545454545,0.901291466193973,-0.1866486552097,0.655719903239031,0.99999922275763,0.940878864959414,241113/216739/16847,3,Downregulated advanced-passage signature
Organismal Systems,Immune system,mmu04611,Platelet activation - Mus musculus (house mouse),5/359,92/5932,0.0543478260869565,0.898025917403415,-0.250175030727154,0.662295357230235,0.99999922275763,0.940878864959414,14360/14061/234779/238564/19091,5,Downregulated advanced-passage signature
Environmental Information Processing,Signal transduction,mmu04068,FoxO signaling pathway - Mus musculus (house mouse),6/359,110/5932,0.0545454545454545,0.901291466193973,-0.265204939019247,0.662791772138372,0.99999922275763,0.940878864959414,12444/16334/241113/13609/213393/16598,6,Downregulated advanced-passage signature
Environmental Information Processing,Signal transduction,mmu04064,NF-kappa B signaling pathway - Mus musculus (house mouse),4/359,74/5932,0.0540540540540541,0.893171723255289,-0.234689718356106,0.663457021668164,0.99999922275763,0.940878864959414,21939/18792/234779/17060,4,Downregulated advanced-passage signature
Organismal Systems,Excretory system,mmu04962,Vasopressin-regulated water reabsorption - Mus musculus (house mouse),2/359,37/5932,0.0540540540540541,0.893171723255289,-0.165429076341687,0.665001320180509,0.99999922275763,0.940878864959414,13426/231991,2,Downregulated advanced-passage signature
Organismal Systems,Aging,mmu04213,Longevity regulating pathway - multiple species - Mus musculus (house mouse),3/359,56/5932,0.0535714285714286,0.885196975726224,-0.219065059378485,0.667803700422221,0.99999922275763,0.940878864959414,16334/241113/193740,3,Downregulated advanced-passage signature
Environmental Information Processing,Signal transduction,mmu04066,HIF-1 signaling pathway - Mus musculus (house mouse),5/359,93/5932,0.0537634408602151,0.888369724743164,-0.275372709030232,0.671685306959571,0.99999922275763,0.940878864959414,16334/21687/12322/14254/234779,5,Downregulated advanced-passage signature
Human Diseases,Drug resistance: antineoplastic,mmu01521,EGFR tyrosine kinase inhibitor resistance - Mus musculus (house mouse),4/359,75/5932,0.0533333333333333,0.881262766945218,-0.262631375812495,0.673846981423279,0.99999922275763,0.940878864959414,13867/21802/71785/234779,4,Downregulated advanced-passage signature
Organismal Systems,Excretory system,mmu04961,Endocrine and other factor-regulated calcium reabsorption - Mus musculus (house mouse),2/359,38/5932,0.0526315789473684,0.869667204222255,-0.20455359132795,0.679360143983595,0.99999922275763,0.940878864959414,98660/67972,2,Downregulated advanced-passage signature
Organismal Systems,Immune system,mmu04666,Fc gamma R-mediated phagosome formation - Mus musculus (house mouse),4/359,76/5932,0.0526315789473684,0.869667204222255,-0.290219532595176,0.684013868369924,0.99999922275763,0.940878864959414,17969/30948/18719/234779,4,Downregulated advanced-passage signature
Human Diseases,Cancer: specific types,mmu05225,Hepatocellular carcinoma - Mus musculus (house mouse),8/359,149/5932,0.0536912751677852,0.887177282159616,-0.353980843885708,0.68848189669788,0.99999922275763,0.940878864959414,14365/242705/22422/21802/234779/12571/14858/14857,8,Downregulated advanced-passage signature
Organismal Systems,Digestive system,mmu04974,Protein digestion and absorption - Mus musculus (house mouse),3/359,58/5932,0.0517241379310345,0.854672942080492,-0.282267041933619,0.691036753785903,0.99999922275763,0.940878864959414,98660/72472/12821,3,Downregulated advanced-passage signature
Human Diseases,Infectious disease: parasitic,mmu05142,Chagas disease - Mus musculus (house mouse),4/359,77/5932,0.051948051948052,0.858372824946641,-0.31746450168159,0.693956911045054,0.99999922275763,0.940878864959414,72930/14675/108802/385643,4,Downregulated advanced-passage signature
Metabolism,Glycan biosynthesis and metabolism,mmu00515,Mannose type O-glycan biosynthesis - Mus musculus (house mouse),1/359,19/5932,0.0526315789473684,0.869667204222255,-0.144408659701541,0.695167045810002,0.99999922275763,0.940878864959414,14345,1,Downregulated advanced-passage signature
Metabolism,Glycan biosynthesis and metabolism,mmu00532,Glycosaminoglycan biosynthesis - chondroitin sulfate / dermatan sulfate - Mus musculus (house mouse),1/359,19/5932,0.0526315789473684,0.869667204222255,-0.144408659701541,0.695167045810002,0.99999922275763,0.940878864959414,71797,1,Downregulated advanced-passage signature
Metabolism,Glycan biosynthesis and metabolism,mmu00541,Biosynthesis of various nucleotide sugars - Mus musculus (house mouse),1/359,19/5932,0.0526315789473684,0.869667204222255,-0.144408659701541,0.695167045810002,0.99999922275763,0.940878864959414,12763,1,Downregulated advanced-passage signature
Metabolism,Carbohydrate metabolism,mmu00650,Butanoate metabolism - Mus musculus (house mouse),1/359,19/5932,0.0526315789473684,0.869667204222255,-0.144408659701541,0.695167045810002,0.99999922275763,0.940878864959414,71911,1,Downregulated advanced-passage signature
Metabolism,Metabolism of cofactors and vitamins,mmu00790,Folate biosynthesis - Mus musculus (house mouse),1/359,19/5932,0.0526315789473684,0.869667204222255,-0.144408659701541,0.695167045810002,0.99999922275763,0.940878864959414,13180,1,Downregulated advanced-passage signature
Human Diseases,Infectious disease: viral,mmu05162,Measles - Mus musculus (house mouse),5/359,99/5932,0.0505050505050505,0.83452913536479,-0.421366311056539,0.72436137942345,0.99999922275763,0.940878864959414,12444/17858/12445/12571/193740,5,Downregulated advanced-passage signature
Human Diseases,Cancer: specific types,mmu05226,Gastric cancer - Mus musculus (house mouse),6/359,118/5932,0.0508474576271187,0.840186960011331,-0.445022908219719,0.727777885979869,0.99999922275763,0.940878864959414,12550/14365/242705/22422/14176/18671,6,Downregulated advanced-passage signature
Metabolism,Glycan biosynthesis and metabolism,mmu00534,Glycosaminoglycan biosynthesis - heparan sulfate / heparin - Mus musculus (house mouse),1/359,21/5932,0.0476190476190476,0.786841756201088,-0.248340737160516,0.731061387820078,0.99999922275763,0.940878864959414,50786,1,Downregulated advanced-passage signature
Organismal Systems,Endocrine system,mmu04927,Cortisol synthesis and secretion - Mus musculus (house mouse),2/359,42/5932,0.0476190476190476,0.786841756201088,-0.351832371804153,0.731831736058797,0.99999922275763,0.940878864959414,12292/231991,2,Downregulated advanced-passage signature
Organismal Systems,Digestive system,mmu04975,Fat digestion and absorption - Mus musculus (house mouse),1/359,22/5932,0.0454545454545455,0.751076221828311,-0.296859293029896,0.747395165822546,0.99999922275763,0.940878864959414,11303,1,Downregulated advanced-passage signature
Human Diseases,Neurodegenerative disease,mmu05017,Spinocerebellar ataxia - Mus musculus (house mouse),6/359,121/5932,0.0495867768595041,0.819355878358157,-0.509515905565209,0.749754284129664,0.99999922275763,0.940878864959414,14799/20190/11937/65115/14811/26408,6,Downregulated advanced-passage signature
Human Diseases,Cardiovascular disease,mmu05417,Lipid and atherosclerosis - Mus musculus (house mouse),8/359,159/5932,0.050314465408805,0.831379968816244,-0.546982728729082,0.755611542127696,0.99999922275763,0.940878864959414,11303/17969/21939/11307/12322/16173/26408/193740,8,Downregulated advanced-passage signature
Environmental Information Processing,Signal transduction,mmu04152,AMPK signaling pathway - Mus musculus (house mouse),5/359,103/5932,0.0485436893203884,0.802120236904021,-0.51414975266503,0.755961069785974,0.99999922275763,0.940878864959414,16334/241113/72930/231991/16847,5,Downregulated advanced-passage signature
Organismal Systems,Immune system,mmu04612,Antigen processing and presentation - Mus musculus (house mouse),2/359,45/5932,0.0444444444444444,0.734385639121015,-0.453918053324808,0.766248127737803,0.99999922275763,0.940878864959414,108802/193740,2,Downregulated advanced-passage signature
Environmental Information Processing,Signal transduction,mmu04310,Wnt signaling pathway - Mus musculus (house mouse),7/359,143/5932,0.048951048951049,0.808851315815104,-0.587224574017586,0.771573060015413,0.99999922275763,0.940878864959414,12444/14365/22422/107934/12322/12445/140577,7,Downregulated advanced-passage signature
Metabolism,Carbohydrate metabolism,mmu00010,Glycolysis / Gluconeogenesis - Mus musculus (house mouse),2/359,46/5932,0.0434782608695652,0.718420733922732,-0.486559688058545,0.776838510397973,0.99999922275763,0.940878864959414,67689/621603,2,Downregulated advanced-passage signature
Metabolism,Lipid metabolism,mmu00561,Glycerolipid metabolism - Mus musculus (house mouse),2/359,46/5932,0.0434782608695652,0.718420733922732,-0.486559688058545,0.776838510397973,0.99999922275763,0.940878864959414,16956/67216,2,Downregulated advanced-passage signature
Metabolism,Carbohydrate metabolism,mmu00052,Galactose metabolism - Mus musculus (house mouse),1/359,24/5932,0.0416666666666667,0.688486536675952,-0.388086793022482,0.777154228827553,0.99999922275763,0.940878864959414,232714,1,Downregulated advanced-passage signature
Organismal Systems,Immune system,mmu04062,Chemokine signaling pathway - Mus musculus (house mouse),6/359,127/5932,0.047244094488189,0.780646151821552,-0.634180188820755,0.789797132061629,0.99999922275763,0.940878864959414,17969/66102/55985/66066/234779/14710,6,Downregulated advanced-passage signature
Metabolism,Metabolism of other amino acids,mmu00480,Glutathione metabolism - Mus musculus (house mouse),2/359,48/5932,0.0416666666666667,0.688486536675952,-0.549955782318194,0.79676751817022,0.99999922275763,0.940878864959414,14858/14857,2,Downregulated advanced-passage signature
Environmental Information Processing,Signal transduction,mmu04370,VEGF signaling pathway - Mus musculus (house mouse),2/359,48/5932,0.0416666666666667,0.688486536675952,-0.549955782318194,0.79676751817022,0.99999922275763,0.940878864959414,15507/234779,2,Downregulated advanced-passage signature
Cellular Processes,Cell growth and death,mmu04217,Necroptosis - Mus musculus (house mouse),5/359,109/5932,0.0458715596330275,0.75796682936802,-0.647263934428844,0.798172008024119,0.99999922275763,0.940878864959414,404634/12322/58203/66371/19309,5,Downregulated advanced-passage signature
Metabolism,Amino acid metabolism,mmu00380,Tryptophan metabolism - Mus musculus (house mouse),1/359,26/5932,0.0384615384615385,0.635526033854725,-0.472686425133234,0.803416022997031,0.99999922275763,0.940878864959414,56720,1,Downregulated advanced-passage signature
Environmental Information Processing,Signal transduction,mmu04392,Hippo signaling pathway - multiple species - Mus musculus (house mouse),1/359,26/5932,0.0384615384615385,0.635526033854725,-0.472686425133234,0.803416022997031,0.99999922275763,0.940878864959414,213391,1,Downregulated advanced-passage signature
Cellular Processes,Cellular community - eukaryotes,mmu04550,Signaling pathways regulating pluripotency of stem cells - Mus musculus (house mouse),5/359,110/5932,0.0454545454545455,0.751076221828311,-0.668795420872038,0.804618685923441,0.99999922275763,0.940878864959414,17877/16600/14365/15904/22422,5,Downregulated advanced-passage signature
Metabolism,Global and overview maps,mmu01232,Nucleotide metabolism - Mus musculus (house mouse),3/359,71/5932,0.0422535211267606,0.698183530150261,-0.649311229129097,0.812886680285157,0.99999922275763,0.940878864959414,11639/215446/14544,3,Downregulated advanced-passage signature
,,mmu04156,Integrated stress response (ISR) signaling pathway - Mus musculus (house mouse),2/359,50/5932,0.04,0.660947075208914,-0.611021725033102,0.815108145573893,0.99999922275763,0.940878864959414,58801/11910,2,Downregulated advanced-passage signature
Cellular Processes,Cell growth and death,mmu04215,Apoptosis - multiple species - Mus musculus (house mouse),1/359,27/5932,0.037037037037037,0.611988032600846,-0.512842155132848,0.815365506191083,0.99999922275763,0.940878864959414,58801,1,Downregulated advanced-passage signature
Organismal Systems,Endocrine system,mmu04915,Estrogen signaling pathway - Mus musculus (house mouse),4/359,92/5932,0.0434782608695652,0.718420733922732,-0.690803974395052,0.81676664291845,0.99999922275763,0.940878864959414,16669/21802/231991/193740,4,Downregulated advanced-passage signature
Organismal Systems,Endocrine system,mmu03320,PPAR signaling pathway - Mus musculus (house mouse),2/359,51/5932,0.0392156862745098,0.64798732863619,-0.640743870236496,0.823713190409159,0.99999922275763,0.940878864959414,16956/216739,2,Downregulated advanced-passage signature
Metabolism,Carbohydrate metabolism,mmu00630,Glyoxylate and dicarboxylate metabolism - Mus musculus (house mouse),1/359,28/5932,0.0357142857142857,0.590131317150816,-0.55171811300005,0.826590532995046,0.99999922275763,0.940878864959414,104174,1,Downregulated advanced-passage signature
Organismal Systems,Immune system,mmu04659,Th17 cell differentiation - Mus musculus (house mouse),3/359,73/5932,0.0410958904109589,0.679055214255733,-0.700239604409508,0.827493283489752,0.99999922275763,0.940878864959414,16364/16180/60504,3,Downregulated advanced-passage signature
Organismal Systems,Endocrine system,mmu04916,Melanogenesis - Mus musculus (house mouse),3/359,73/5932,0.0410958904109589,0.679055214255733,-0.700239604409508,0.827493283489752,0.99999922275763,0.940878864959414,14365/22422/12322,3,Downregulated advanced-passage signature
Human Diseases,Cancer: specific types,mmu05212,Pancreatic cancer - Mus musculus (house mouse),3/359,73/5932,0.0410958904109589,0.679055214255733,-0.700239604409508,0.827493283489752,0.99999922275763,0.940878864959414,242705/21802/12571,3,Downregulated advanced-passage signature
Human Diseases,Infectious disease: viral,mmu05167,Kaposi sarcoma-associated herpesvirus infection - Mus musculus (house mouse),7/359,155/5932,0.0451612903225806,0.746230568784257,-0.812494886456094,0.83758385962751,0.99999922275763,0.940878864959414,242705/66066/234779/74603/14710/12571/271375,7,Downregulated advanced-passage signature
Metabolism,Xenobiotics biodegradation and metabolism,mmu00983,Drug metabolism - other enzymes - Mus musculus (house mouse),2/359,53/5932,0.0377358490566038,0.623534976612183,-0.698678698325204,0.839853156729061,0.99999922275763,0.940878864959414,14858/14857,2,Downregulated advanced-passage signature
Human Diseases,Infectious disease: bacterial,mmu05133,Pertussis - Mus musculus (house mouse),2/359,53/5932,0.0377358490566038,0.623534976612183,-0.698678698325204,0.839853156729061,0.99999922275763,0.940878864959414,16415/12258,2,Downregulated advanced-passage signature
Human Diseases,Endocrine and metabolic disease,mmu04930,Type II diabetes mellitus - Mus musculus (house mouse),1/359,30/5932,0.0333333333333333,0.550789229340761,-0.626005069593854,0.847039799771571,0.99999922275763,0.940878864959414,16334,1,Downregulated advanced-passage signature
Organismal Systems,Endocrine system,mmu04917,Prolactin signaling pathway - Mus musculus (house mouse),2/359,54/5932,0.037037037037037,0.611988032600846,-0.726932146148325,0.847411944513139,0.99999922275763,0.940878864959414,12444/16334,2,Downregulated advanced-passage signature
Human Diseases,Cancer: specific types,mmu05221,Acute myeloid leukemia - Mus musculus (house mouse),2/359,54/5932,0.037037037037037,0.611988032600846,-0.726932146148325,0.847411944513139,0.99999922275763,0.940878864959414,12395/67603,2,Downregulated advanced-passage signature
Organismal Systems,Immune system,mmu04662,B cell receptor signaling pathway - Mus musculus (house mouse),2/359,55/5932,0.0363636363636364,0.600860977462649,-0.754734762292274,0.854645606448011,0.99999922275763,0.940878864959414,234779/17060,2,Downregulated advanced-passage signature
Cellular Processes,Transport and catabolism,mmu04136,Autophagy - other - Mus musculus (house mouse),1/359,31/5932,0.032258064516129,0.533021834845898,-0.661578341158633,0.85634388514636,0.99999922275763,0.940878864959414,213948,1,Downregulated advanced-passage signature
Organismal Systems,Aging,mmu04211,Longevity regulating pathway - Mus musculus (house mouse),3/359,79/5932,0.0379746835443038,0.627481400514791,-0.845938731884699,0.865592038417044,0.99999922275763,0.940878864959414,16334/241113/231991,3,Downregulated advanced-passage signature
Metabolism,Global and overview maps,mmu01250,Biosynthesis of nucleotide sugars - Mus musculus (house mouse),1/359,33/5932,0.0303030303030303,0.500717481218874,-0.729929300301557,0.873292838427756,0.99999922275763,0.940878864959414,12763,1,Downregulated advanced-passage signature
Environmental Information Processing,Signal transduction,mmu04070,Phosphatidylinositol signaling system - Mus musculus (house mouse),3/359,81/5932,0.037037037037037,0.611988032600846,-0.892358255595186,0.876541667883111,0.99999922275763,0.940878864959414,18719/234779/234515,3,Downregulated advanced-passage signature
Organismal Systems,Immune system,mmu04623,Cytosolic DNA-sensing pathway - Mus musculus (house mouse),2/359,59/5932,0.0338983050847458,0.560124640007554,-0.861771853577969,0.880556564811558,0.99999922275763,0.940878864959414,58203/16173,2,Downregulated advanced-passage signature
Cellular Processes,Transport and catabolism,mmu04144,Endocytosis - Mus musculus (house mouse),10/359,225/5932,0.0444444444444444,0.734385639121015,-1.03087388951538,0.883572239791108,0.99999922275763,0.940878864959414,216859/30948/106952/18719/66371/234353/58220/347722/12391/193740,10,Downregulated advanced-passage signature
Organismal Systems,Environmental adaptation,mmu04714,Thermogenesis - Mus musculus (house mouse),9/359,206/5932,0.0436893203883495,0.721908213213619,-1.03100973415095,0.885195728193648,0.99999922275763,0.940878864959414,12164/241113/216739/18160/18158/12163/19091/231991/26408,9,Downregulated advanced-passage signature
Organismal Systems,Nervous system,mmu04723,Retrograde endocannabinoid signaling - Mus musculus (house mouse),4/359,109/5932,0.036697247706422,0.606373463494416,-1.05266670700111,0.903915685229043,0.99999922275763,0.940878864959414,14799/12292/66066/14710,4,Downregulated advanced-passage signature
Metabolism,Lipid metabolism,mmu00071,Fatty acid degradation - Mus musculus (house mouse),1/359,38/5932,0.0263157894736842,0.434833602111127,-0.887012479830422,0.907442786374657,0.99999922275763,0.940878864959414,216739,1,Downregulated advanced-passage signature
Metabolism,Glycan biosynthesis and metabolism,mmu00513,Various types of N-glycan biosynthesis - Mus musculus (house mouse),1/359,39/5932,0.0256410256410256,0.423684022569816,-0.916413350815423,0.913080390665716,0.99999922275763,0.940878864959414,269181,1,Downregulated advanced-passage signature
Human Diseases,Infectious disease: bacterial,mmu05135,Yersinia infection - Mus musculus (house mouse),4/359,114/5932,0.0350877192982456,0.57977813614817,-1.14976974562949,0.921388246039421,0.99999922275763,0.940878864959414,23880/18719/16401/16173,4,Downregulated advanced-passage signature
Organismal Systems,Endocrine system,mmu04935,"Growth hormone synthesis, secretion and action - Mus musculus (house mouse)",3/359,92/5932,0.0326086956521739,0.538815550442049,-1.13143291806295,0.923732304072326,0.99999922275763,0.940878864959414,12292/234779/231991,3,Downregulated advanced-passage signature
Human Diseases,Infectious disease: bacterial,mmu05100,Bacterial invasion of epithelial cells - Mus musculus (house mouse),2/359,70/5932,0.0285714285714286,0.472105053720653,-1.12756161270448,0.931420212200931,0.99999922275763,0.940878864959414,12550/12391,2,Downregulated advanced-passage signature
Human Diseases,Cancer: overview,mmu05203,Viral carcinogenesis - Mus musculus (house mouse),6/359,161/5932,0.0372670807453416,0.615789200505199,-1.25436415089299,0.931436201377485,0.99999922275763,0.940878864959414,12444/79221/58801/12445/12571/231991,6,Downregulated advanced-passage signature
Genetic Information Processing,Replication and repair,mmu03410,Base excision repair - Mus musculus (house mouse),1/359,43/5932,0.0232558139534884,0.38427155535402,-1.02841720227739,0.932407279910152,0.99999922275763,0.940878864959414,72774,1,Downregulated advanced-passage signature
Organismal Systems,Endocrine system,mmu04929,GnRH secretion - Mus musculus (house mouse),1/359,43/5932,0.0232558139534884,0.38427155535402,-1.02841720227739,0.932407279910152,0.99999922275763,0.940878864959414,12292,1,Downregulated advanced-passage signature
Human Diseases,Infectious disease: viral,mmu05163,Human cytomegalovirus infection - Mus musculus (house mouse),7/359,183/5932,0.0382513661202186,0.632053213997595,-1.28316075692318,0.933547763402269,0.99999922275763,0.940878864959414,242705/108802/66066/14710/19219/12571/231991,7,Downregulated advanced-passage signature
Organismal Systems,Endocrine system,mmu04912,GnRH signaling pathway - Mus musculus (house mouse),2/359,72/5932,0.0277777777777778,0.458991024450635,-1.17216452968499,0.938128538239687,0.99999922275763,0.940878864959414,12322/12292,2,Downregulated advanced-passage signature
Human Diseases,Neurodegenerative disease,mmu05020,Prion disease - Mus musculus (house mouse),9/359,227/5932,0.039647577092511,0.655123752960377,-1.34466794756169,0.93902976723354,0.99999922275763,0.940878864959414,17969/14360/12292/20190/231991/14811/22152/12391/193740,9,Downregulated advanced-passage signature
Metabolism,Nucleotide metabolism,mmu00240,Pyrimidine metabolism - Mus musculus (house mouse),1/359,46/5932,0.0217391304347826,0.359210366961366,-1.10726335893237,0.944032451024408,0.99999922275763,0.940878864959414,215446,1,Downregulated advanced-passage signature
Metabolism,Lipid metabolism,mmu00600,Sphingolipid metabolism - Mus musculus (house mouse),1/359,46/5932,0.0217391304347826,0.359210366961366,-1.10726335893237,0.944032451024408,0.99999922275763,0.940878864959414,22234,1,Downregulated advanced-passage signature
Human Diseases,Infectious disease: viral,mmu05166,Human T-cell leukemia virus 1 infection - Mus musculus (house mouse),7/359,188/5932,0.0372340425531915,0.615243288093404,-1.36058155302454,0.944068647192261,0.99999922275763,0.940878864959414,16415/12444/21939/242705/108802/12445/231991,7,Downregulated advanced-passage signature
Genetic Information Processing,Translation,mmu03008,Ribosome biogenesis in eukaryotes - Mus musculus (house mouse),2/359,74/5932,0.027027027027027,0.446585861627644,-1.21578866781941,0.944212264043003,0.99999922275763,0.940878864959414,170722/102614,2,Downregulated advanced-passage signature
Cellular Processes,Transport and catabolism,mmu04146,Peroxisome - Mus musculus (house mouse),2/359,74/5932,0.027027027027027,0.446585861627644,-1.21578866781941,0.944212264043003,0.99999922275763,0.940878864959414,216739/67993,2,Downregulated advanced-passage signature
Organismal Systems,Immune system,mmu04620,Toll-like receptor signaling pathway - Mus musculus (house mouse),2/359,75/5932,0.0266666666666667,0.440631383472609,-1.23725090744823,0.947036843369317,0.99999922275763,0.940878864959414,21939/12519,2,Downregulated advanced-passage signature
Human Diseases,Cancer: specific types,mmu05220,Chronic myeloid leukemia - Mus musculus (house mouse),2/359,75/5932,0.0266666666666667,0.440631383472609,-1.23725090744823,0.947036843369317,0.99999922275763,0.940878864959414,242705/12571,2,Downregulated advanced-passage signature
Cellular Processes,Cell growth and death,mmu04218,Cellular senescence - Mus musculus (house mouse),5/359,147/5932,0.0340136054421769,0.56202982585792,-1.3646402809456,0.948793701093519,0.99999922275763,0.940878864959414,12444/242705/12445/12571/66922,5,Downregulated advanced-passage signature
Cellular Processes,Cell growth and death,mmu04110,Cell cycle - Mus musculus (house mouse),5/359,149/5932,0.0335570469798658,0.55448580134976,-1.39779908709864,0.952682907429128,0.99999922275763,0.940878864959414,12444/242705/12531/12445/12571,5,Downregulated advanced-passage signature
Organismal Systems,Endocrine system,mmu04926,Relaxin signaling pathway - Mus musculus (house mouse),3/359,103/5932,0.029126213592233,0.481272142142413,-1.34780735354215,0.953871651324718,0.99999922275763,0.940878864959414,66066/14710/231991,3,Downregulated advanced-passage signature
Metabolism,Glycan biosynthesis and metabolism,mmu00510,N-Glycan biosynthesis - Mus musculus (house mouse),1/359,50/5932,0.02,0.330473537604457,-1.20658217079327,0.956490474403603,0.99999922275763,0.940878864959414,269181,1,Downregulated advanced-passage signature
Metabolism,Lipid metabolism,mmu00564,Glycerophospholipid metabolism - Mus musculus (house mouse),2/359,79/5932,0.0253164556962025,0.418320933676528,-1.32091351253212,0.957031724565896,0.99999922275763,0.940878864959414,85031/67216,2,Downregulated advanced-passage signature
Organismal Systems,Endocrine system,mmu04914,Progesterone-mediated oocyte maturation - Mus musculus (house mouse),2/359,79/5932,0.0253164556962025,0.418320933676528,-1.32091351253212,0.957031724565896,0.99999922275763,0.940878864959414,16334/12531,2,Downregulated advanced-passage signature
Genetic Information Processing,Information processing in viruses,mmu03250,Viral life cycle - HIV-1 - Mus musculus (house mouse),1/359,51/5932,0.0196078431372549,0.323993664318095,-1.23048671558062,0.959146020083492,0.99999922275763,0.940878864959414,17858,1,Downregulated advanced-passage signature
Organismal Systems,Immune system,mmu04625,C-type lectin receptor signaling pathway - Mus musculus (house mouse),2/359,80/5932,0.025,0.413091922005571,-1.34131130994511,0.959233324074691,0.99999922275763,0.940878864959414,234779/66922,2,Downregulated advanced-passage signature
Organismal Systems,Immune system,mmu04621,NOD-like receptor signaling pathway - Mus musculus (house mouse),4/359,130/5932,0.0307692307692308,0.50842082708378,-1.43827838328365,0.959784568345605,0.99999922275763,0.940878864959414,17940/16173/24014/54396,4,Downregulated advanced-passage signature
Organismal Systems,Nervous system,mmu04721,Synaptic vesicle cycle - Mus musculus (house mouse),1/359,52/5932,0.0192307692307692,0.317763016927362,-1.25405022875558,0.961639912072954,0.99999922275763,0.940878864959414,235415,1,Downregulated advanced-passage signature
Human Diseases,Cancer: overview,mmu05231,Choline metabolism in cancer - Mus musculus (house mouse),2/359,82/5932,0.024390243902439,0.403016509273728,-1.38152255292268,0.963317082077683,0.99999922275763,0.940878864959414,18719/71785,2,Downregulated advanced-passage signature
Organismal Systems,Nervous system,mmu04722,Neurotrophin signaling pathway - Mus musculus (house mouse),3/359,108/5932,0.0277777777777778,0.458991024450635,-1.44003261896958,0.963518450609573,0.99999922275763,0.940878864959414,12322/234779/26408,3,Downregulated advanced-passage signature
Human Diseases,Drug resistance: antineoplastic,mmu01522,Endocrine resistance - Mus musculus (house mouse),2/359,83/5932,0.0240963855421687,0.398160888680069,-1.40134577284584,0.965208993285355,0.99999922275763,0.940878864959414,242705/18131,2,Downregulated advanced-passage signature
Human Diseases,Cancer: specific types,mmu05210,Colorectal cancer - Mus musculus (house mouse),2/359,83/5932,0.0240963855421687,0.398160888680069,-1.40134577284584,0.965208993285355,0.99999922275763,0.940878864959414,58801/21802,2,Downregulated advanced-passage signature
Metabolism,Amino acid metabolism,mmu00310,Lysine degradation - Mus musculus (house mouse),1/359,54/5932,0.0185185185185185,0.305994016300423,-1.30020541003451,0.966181399410284,0.99999922275763,0.940878864959414,12180,1,Downregulated advanced-passage signature
Metabolism,Global and overview maps,mmu01212,Fatty acid metabolism - Mus musculus (house mouse),1/359,55/5932,0.0181818181818182,0.300430488731324,-1.32282086937485,0.968246877057733,0.99999922275763,0.940878864959414,216739,1,Downregulated advanced-passage signature
Organismal Systems,Endocrine system,mmu04928,"Parathyroid hormone synthesis, secretion and action - Mus musculus (house mouse)",2/359,85/5932,0.0235294117647059,0.388792397181714,-1.44045046630969,0.968715767358648,0.99999922275763,0.940878864959414,17260/231991,2,Downregulated advanced-passage signature
Environmental Information Processing,Signal transduction,mmu04150,mTOR signaling pathway - Mus musculus (house mouse),4/359,136/5932,0.0294117647058824,0.485990496477142,-1.53901580301933,0.969029329576914,0.99999922275763,0.940878864959414,16334/14365/22422/52187,4,Downregulated advanced-passage signature
Human Diseases,Cancer: specific types,mmu05213,Endometrial cancer - Mus musculus (house mouse),1/359,56/5932,0.0178571428571429,0.295065658575408,-1.34514299025645,0.970186535239846,0.99999922275763,0.940878864959414,12550,1,Downregulated advanced-passage signature
Genetic Information Processing,"Folding, sorting and degradation",mmu04141,Protein processing in endoplasmic reticulum - Mus musculus (house mouse),5/359,161/5932,0.031055900621118,0.513157667087666,-1.58943363993235,0.970891281975625,0.99999922275763,0.940878864959414,108802/22393/235416/26408/193740,5,Downregulated advanced-passage signature
Organismal Systems,Immune system,mmu04660,T cell receptor signaling pathway - Mus musculus (house mouse),2/359,87/5932,0.0229885057471264,0.379854640924663,-1.4788615968105,0.971881454310011,0.99999922275763,0.940878864959414,14360/72930,2,Downregulated advanced-passage signature
Genetic Information Processing,Translation,mmu03015,mRNA surveillance pathway - Mus musculus (house mouse),2/359,88/5932,0.0227272727272727,0.375538110914155,-1.49781727690369,0.973346335474096,0.99999922275763,0.940878864959414,72930/170722,2,Downregulated advanced-passage signature
Organismal Systems,Immune system,mmu04658,Th1 and Th2 cell differentiation - Mus musculus (house mouse),1/359,58/5932,0.0172413793103448,0.284890980693497,-1.38894786992452,0.973718506956214,0.99999922275763,0.940878864959414,18131,1,Downregulated advanced-passage signature
Human Diseases,Endocrine and metabolic disease,mmu04932,Non-alcoholic fatty liver disease - Mus musculus (house mouse),4/359,142/5932,0.028169014084507,0.465455686766841,-1.63627113337815,0.976263606874548,0.99999922275763,0.940878864959414,16334/241113/16847/26408,4,Downregulated advanced-passage signature
Human Diseases,Infectious disease: bacterial,mmu05152,Tuberculosis - Mus musculus (house mouse),3/359,117/5932,0.0256410256410256,0.423684022569816,-1.59788454417704,0.976286906017318,0.99999922275763,0.940878864959414,16415/12322/16173,3,Downregulated advanced-passage signature
Organismal Systems,Immune system,mmu04657,IL-17 signaling pathway - Mus musculus (house mouse),1/359,61/5932,0.0163934426229508,0.270879948856112,-1.45269547515845,0.978249446418851,0.99999922275763,0.940878864959414,50905,1,Downregulated advanced-passage signature
Organismal Systems,Endocrine system,mmu04910,Insulin signaling pathway - Mus musculus (house mouse),3/359,120/5932,0.025,0.413091922005571,-1.64840746275889,0.979504663901324,0.99999922275763,0.940878864959414,16334/241113/19309,3,Downregulated advanced-passage signature
Genetic Information Processing,Chromosome,mmu03082,ATP-dependent chromatin remodeling - Mus musculus (house mouse),2/359,96/5932,0.0208333333333333,0.344243268337976,-1.64394542990656,0.982689911230368,0.99999922275763,0.940878864959414,404634/330409,2,Downregulated advanced-passage signature
Cellular Processes,Transport and catabolism,mmu04137,Mitophagy - animal - Mus musculus (house mouse),2/359,96/5932,0.0208333333333333,0.344243268337976,-1.64394542990656,0.982689911230368,0.99999922275763,0.940878864959414,213948/66922,2,Downregulated advanced-passage signature
Human Diseases,Infectious disease: bacterial,mmu05132,Salmonella infection - Mus musculus (house mouse),7/359,220/5932,0.0318181818181818,0.525753355279818,-1.81923236098353,0.982827572434475,0.99999922275763,0.940878864959414,76884/17940/105855/13426/17907/16173/22152,7,Downregulated advanced-passage signature
Human Diseases,Cancer: specific types,mmu05211,Renal cell carcinoma - Mus musculus (house mouse),1/359,65/5932,0.0153846153846154,0.25421041354189,-1.53437535384707,0.983102209956753,0.99999922275763,0.940878864959414,21802,1,Downregulated advanced-passage signature
Cellular Processes,Transport and catabolism,mmu04145,Phagocytosis - Mus musculus (house mouse),5/359,177/5932,0.0282485875706215,0.466770533339628,-1.82786776846067,0.985203468215532,0.99999922275763,0.940878864959414,16415/17969/108802/13426/22152,5,Downregulated advanced-passage signature
Environmental Information Processing,Signal transduction,mmu04668,TNF signaling pathway - Mus musculus (house mouse),2/359,99/5932,0.0202020202020202,0.333811654145916,-1.69642750329632,0.985299624373783,0.99999922275763,0.940878864959414,231991/26408,2,Downregulated advanced-passage signature
Cellular Processes,Transport and catabolism,mmu04140,Autophagy - animal - Mus musculus (house mouse),4/359,154/5932,0.025974025974026,0.429186412473321,-1.82151419008615,0.986241178419812,0.99999922275763,0.940878864959414,16334/52187/213948/66922,4,Downregulated advanced-passage signature
Genetic Information Processing,Translation,mmu03013,Nucleocytoplasmic transport - Mus musculus (house mouse),2/359,102/5932,0.0196078431372549,0.323993664318095,-1.74776581068302,0.98752570860116,0.99999922275763,0.940878864959414,54563/170722,2,Downregulated advanced-passage signature
Cellular Processes,Cell growth and death,mmu04114,Oocyte meiosis - Mus musculus (house mouse),2/359,102/5932,0.0196078431372549,0.323993664318095,-1.74776581068302,0.98752570860116,0.99999922275763,0.940878864959414,16334/12322,2,Downregulated advanced-passage signature
Human Diseases,Cancer: overview,mmu05235,PD-L1 expression and PD-1 checkpoint pathway in cancer - Mus musculus (house mouse),1/359,70/5932,0.0142857142857143,0.236052526860326,-1.63175997593099,0.987678293659134,0.99999922275763,0.940878864959414,60533,1,Downregulated advanced-passage signature
Human Diseases,Endocrine and metabolic disease,mmu04936,Alcoholic liver disease - Mus musculus (house mouse),2/359,104/5932,0.0192307692307692,0.317763016927362,-1.78138922486184,0.988823860866366,0.99999922275763,0.940878864959414,241113/26408,2,Downregulated advanced-passage signature
Human Diseases,Neurodegenerative disease,mmu05012,Parkinson disease - Mus musculus (house mouse),7/359,237/5932,0.029535864978903,0.488041089289282,-2.04140455709832,0.991260708123352,0.99999922275763,0.940878864959414,17762/11540/19252/12322/22223/22152/26408,7,Downregulated advanced-passage signature
Human Diseases,Infectious disease: viral,mmu05168,Herpes simplex virus 1 infection - Mus musculus (house mouse),3/359,138/5932,0.0217391304347826,0.359210366961366,-1.93300260578859,0.991631189377553,0.99999922275763,0.940878864959414,108802/170722/24014,3,Downregulated advanced-passage signature
Metabolism,Global and overview maps,mmu01240,Biosynthesis of cofactors - Mus musculus (house mouse),2/359,111/5932,0.018018018018018,0.297723907751763,-1.89555870255299,0.992411212894331,0.99999922275763,0.940878864959414,56720/11639,2,Downregulated advanced-passage signature
Human Diseases,Neurodegenerative disease,mmu05010,Alzheimer disease - Mus musculus (house mouse),11/359,331/5932,0.0332326283987915,0.549125213542149,-2.14241610797742,0.992421736026859,0.99999922275763,0.940878864959414,16334/14365/16956/17762/22422/12292/11937/56175/14811/22152/26408,11,Downregulated advanced-passage signature
Human Diseases,Neurodegenerative disease,mmu05022,Pathways of neurodegeneration - multiple diseases - Mus musculus (house mouse),14/359,401/5932,0.0349127182044888,0.576886474621246,-2.22686520894883,0.993668167238361,0.99999922275763,0.940878864959414,14365/17762/14799/18040/18039/22422/12322/12292/22223/20190/11937/14811/22152/26408,14,Downregulated advanced-passage signature
Cellular Processes,Cell growth and death,mmu04210,Apoptosis - Mus musculus (house mouse),2/359,115/5932,0.0173913043478261,0.287368293569093,-1.95853435570145,0.993927184756735,0.99999922275763,0.940878864959414,58801/26408,2,Downregulated advanced-passage signature
Human Diseases,Infectious disease: viral,mmu05170,Human immunodeficiency virus 1 infection - Mus musculus (house mouse),4/359,172/5932,0.0232558139534884,0.38427155535402,-2.07973913229336,0.994103915445748,0.99999922275763,0.940878864959414,108802/66066/234779/14710,4,Downregulated advanced-passage signature
Human Diseases,Cancer: overview,mmu05208,Chemical carcinogenesis - reactive oxygen species - Mus musculus (house mouse),5/359,200/5932,0.025,0.413091922005571,-2.14288398328314,0.994677550445038,0.99999922275763,0.940878864959414,57344/17969/14858/26408/14857,5,Downregulated advanced-passage signature
Human Diseases,Cardiovascular disease,mmu05415,Diabetic cardiomyopathy - Mus musculus (house mouse),4/359,176/5932,0.0227272727272727,0.375538110914155,-2.13436428237982,0.995136871112067,0.99999922275763,0.940878864959414,16334/17969/12322/11937,4,Downregulated advanced-passage signature
Human Diseases,Endocrine and metabolic disease,mmu04933,AGE-RAGE signaling pathway in diabetic complications - Mus musculus (house mouse),1/359,85/5932,0.0117647058823529,0.194396198590857,-1.89858955623243,0.99523055346716,0.99999922275763,0.940878864959414,234779,1,Downregulated advanced-passage signature
Human Diseases,Infectious disease: viral,mmu05171,Coronavirus disease - Mus musculus (house mouse),4/359,182/5932,0.021978021978022,0.363157733631271,-2.21462559904481,0.996366925309472,0.99999922275763,0.940878864959414,17858/14061/234779/108168084,4,Downregulated advanced-passage signature
Metabolism,Global and overview maps,mmu01200,Carbon metabolism - Mus musculus (house mouse),1/359,96/5932,0.0104166666666667,0.172121634168988,-2.07544473478292,0.997625940957387,0.99999922275763,0.940878864959414,104174,1,Downregulated advanced-passage signature
Human Diseases,Infectious disease: viral,mmu05161,Hepatitis B - Mus musculus (house mouse),2/359,135/5932,0.0148148148148148,0.244795213040338,-2.25266511187209,0.998038296455571,0.99999922275763,0.940878864959414,242705/231991,2,Downregulated advanced-passage signature
Human Diseases,Neurodegenerative disease,mmu05014,Amyotrophic lateral sclerosis - Mus musculus (house mouse),8/359,320/5932,0.025,0.413091922005571,-2.73938396816788,0.999281854257431,0.99999922275763,0.940878864959414,14799/18040/18039/54563/170722/14811/22152/26408,8,Downregulated advanced-passage signature
Genetic Information Processing,"Folding, sorting and degradation",mmu04120,Ubiquitin mediated proteolysis - Mus musculus (house mouse),1/359,136/5932,0.00735294117647059,0.121497624119286,-2.63035805798155,0.999814319051969,0.99999922275763,0.940878864959414,105193,1,Downregulated advanced-passage signature
Genetic Information Processing,Transcription,mmu03040,Spliceosome - Mus musculus (house mouse),1/359,149/5932,0.00671140939597315,0.110897160269952,-2.78955674471589,0.999919205222056,0.99999922275763,0.940878864959414,193740,1,Downregulated advanced-passage signature
Human Diseases,Neurodegenerative disease,mmu05016,Huntington disease - Mus musculus (house mouse),4/359,265/5932,0.0150943396226415,0.249413990644873,-3.17258641672666,0.999950616700276,0.99999922275763,0.940878864959414,14799/231991/22152/26408,4,Downregulated advanced-passage signature
Genetic Information Processing,Translation,mmu03010,Ribosome - Mus musculus (house mouse),1/359,180/5932,0.00555555555555556,0.0917982048901269,-3.14033395186169,0.999988978906334,0.99999922275763,0.940878864959414,108168084,1,Downregulated advanced-passage signature
Cellular Processes,Transport and catabolism,mmu04142,Lysosome biogenesis - Mus musculus (house mouse),1/359,221/5932,0.00452488687782806,0.0747677686887912,-3.55760293675587,0.99999922275763,0.99999922275763,0.940878864959414,52187,1,Downregulated advanced-passage signature
